address_full,street,house_number,postal_code,city,sale_price,ask_price,sale_date,list_date,delist_date,transport_date,days_on_market,area_m2,rooms,bedrooms,bathrooms,toilets,year_built,type,subtype,energy_label,maintenance_inside,maintenance_outside,vve_monthly_fee,has_garden,garden_type,garden_area_m2,has_balcony,has_terrace,outdoor_text,heating,hot_water,has_lift,floor,has_storage,has_parking,has_garage,garage_type,notes,source_file,image_count,images
"Amstelkade 69 2, 1078 AL Amsterdam",Amstelkade,69 2,1078AL,Amsterdam Verkocht In verkoop genomen Vraagprijs,460000.0,450000.0,2025-02-27,,,2025-02-27,555,54.0,2.0,1.0,1.0,,1925.0,Appartement,Bovenwoning,E,Redelijk,Redelijk,67.0,False,Geen tuin,,True,False,,C.V.-Ketel,C.V.-Ketel,False,,True,True,False,Geen garage,,C:\Users\meesv\AppData\Local\Temp\realworks-workflow-fajPRs\realworks_file_1.mhtml,30,
"Amstelkade 93 1, 1078 AN Amsterdam",Amstelkade,93 1,1078AN,Amsterdam Verkocht In verkoop genomen Vraagprijs,550000.0,500000.0,2025-07-21,,,2025-07-21,14,63.0,2.0,1.0,1.0,,1924.0,Appartement,Bovenwoning,C,Goed,Goed,144.23,False,Geen tuin,,True,True,,C.V.-Ketel,C.V.-Ketel,False,,True,True,False,Geen garage,,C:\Users\meesv\AppData\Local\Temp\realworks-workflow-fajPRs\realworks_file_1.mhtml,25,
"Amstelkade 50 3, 1078 AJ Amsterdam",Amstelkade,50 3,1078AJ,Amsterdam Verkocht In verkoop genomen Vraagprijs,590000.0,525000.0,2025-03-24,,,2025-03-24,356,65.0,3.0,2.0,1.0,,1930.0,Appartement,Bovenwoning,D,Goed,Goed,182.54,False,Geen tuin,,True,True,,C.V.-Ketel,C.V.-Ketel,False,,True,True,False,Geen garage,,C:\Users\meesv\AppData\Local\Temp\realworks-workflow-fajPRs\realworks_file_1.mhtml,25,
"Amstelkade 17 3, 1078 AC Amsterdam",Amstelkade,17 3,1078AC,Amsterdam Verkocht In verkoop genomen Vraagprijs,625000.0,550000.0,2025-11-14,,,2025-11-14,123,58.0,3.0,2.0,1.0,,1922.0,Appartement,Bovenwoning,C,Uitstekend,Uitstekend,65.03,False,Geen tuin,,True,True,,C.V.-Ketel,C.V.-Ketel,False,,True,True,False,Geen garage,,C:\Users\meesv\AppData\Local\Temp\realworks-workflow-fajPRs\realworks_file_1.mhtml,42,
"Amstelkade 16 4, 1078 AC Amsterdam",Amstelkade,16 4,1078AC,Amsterdam Verkocht In verkoop genomen Vraagprijs,630000.0,550000.0,2025-10-20,,,2025-10-20,123,58.0,2.0,1.0,1.0,,1922.0,Appartement,Bovenwoning,A,Uitstekend,Uitstekend,70.55,False,Geen tuin,,True,True,,C.V.-Ketel,C.V.-Ketel,False,,True,True,False,Geen garage,,C:\Users\meesv\AppData\Local\Temp\realworks-workflow-fajPRs\realworks_file_1.mhtml,35,
"Amstelkade 67 1, 1078 AK Amsterdam",Amstelkade,67 1,1078AK,Amsterdam Verkocht In verkoop genomen Vraagprijs,607000.0,575000.0,2025-10-31,,,2025-10-31,111,71.0,3.0,2.0,1.0,,1924.0,Appartement,Bovenwoning,D,Goed,Goed,127.06,False,Geen tuin,,True,True,,C.V.-Ketel,C.V.-Ketel,False,,True,True,False,Geen garage,,C:\Users\meesv\AppData\Local\Temp\realworks-workflow-fajPRs\realworks_file_1.mhtml,22,
"Amstelkade 17 4, 1078 AC Amsterdam",Amstelkade,17 4,1078AC,Amsterdam Verkocht In verkoop genomen Vraagprijs,632100.0,575000.0,2025-11-28,,,2025-11-28,123,62.0,3.0,2.0,1.0,,1922.0,Appartement,Bovenwoning,A,Uitstekend,Uitstekend,71.76,False,Geen tuin,,True,False,,C.V.-Ketel,C.V.-Ketel,False,,True,True,False,Geen garage,,C:\Users\meesv\AppData\Local\Temp\realworks-workflow-fajPRs\realworks_file_1.mhtml,32,
"Amstelkade 3 1, 1078 AA Amsterdam",Amstelkade,3 1,1078AA,Amsterdam Verkocht In verkoop genomen Vraagprijs,865000.0,800000.0,2025-06-16,,,2025-06-16,31,85.0,4.0,3.0,1.0,,1922.0,Appartement,,A,Goed,Goed,,False,Geen tuin,,True,True,,C.V.-Ketel,C.V.-Ketel,False,,True,True,False,Geen garage,,C:\Users\meesv\AppData\Local\Temp\realworks-workflow-fajPRs\realworks_file_1.mhtml,52,
"Amstelkade 54 H, 1078 AJ Amsterdam",Amstelkade,54 H,1078AJ,Amsterdam Verkocht In verkoop genomen Vraagprijs,925000.0,895000.0,2025-06-25,,,2025-06-25,10,78.0,3.0,2.0,1.0,,1924.0,Appartement,Benedenwoning,A,Uitstekend,Goed,,True,Achtertuin,39.0,False,False,,C.V.-Ketel,C.V.-Ketel,False,,True,True,False,Geen garage,,C:\Users\meesv\AppData\Local\Temp\realworks-workflow-fajPRs\realworks_file_1.mhtml,26,
"Amstelkade 21 3, 1078 AC Amsterdam",Amstelkade,21 3,1078AC,Amsterdam Verkocht In verkoop genomen Vraagprijs,1090000.0,995000.0,2025-11-21,,,2025-11-21,51,,,,,,,,,,,,,False,,,False,False,,,,False,,False,False,False,,,C:\Users\meesv\AppData\Local\Temp\realworks-workflow-fajPRs\realworks_file_1.mhtml,0,[]
"Churchill-laan 16 B, 1078 EE Amsterdam",Churchill-laan,16 B,1078EE,Amsterdam Verkocht Direct verkocht Vraagprijs,310000.0,275000.0,2025-10-24,,,2025-10-24,161,23.0,2.0,1.0,1.0,,1925.0,Appartement,Bovenwoning,A,Goed,Goed,,False,Geen tuin,,False,False,,,,False,,True,True,False,Geen garage,,C:\Users\meesv\AppData\Local\Temp\realworks-workflow-fajPRs\realworks_file_2.mhtml,819,
"Churchill-laan 12, 1078 EE Amsterdam",Churchill-laan,12,1078EE,Amsterdam Verkocht In verkoop genomen Vraagprijs,505000.0,465000.0,2025-09-05,,,2025-09-05,223,54.0,2.0,1.0,1.0,,1925.0,Appartement,Bovenwoning,D,Goed,Goed,134.0,False,Geen tuin,,True,True,,C.V.-Ketel,C.V.-Ketel,False,,True,True,False,Geen garage,,C:\Users\meesv\AppData\Local\Temp\realworks-workflow-fajPRs\realworks_file_2.mhtml,25,
"Churchill-laan 14, 1078 EE Amsterdam",Churchill-laan,14,1078EE,Amsterdam Verkocht In verkoop genomen Vraagprijs,549000.0,485000.0,2025-06-30,,,2025-06-30,70,52.0,3.0,2.0,1.0,,1930.0,Appartement,Bovenwoning,B,Uitstekend,Uitstekend,134.19,False,Geen tuin,,True,True,,C.V.-Ketel,C.V.-Ketel,False,,True,True,False,Geen garage,,C:\Users\meesv\AppData\Local\Temp\realworks-workflow-fajPRs\realworks_file_2.mhtml,21,
"Churchill-laan 106 2, 1078 EM Amsterdam",Churchill-laan,106 2,1078EM,Amsterdam Verkocht In verkoop genomen Vraagprijs,495000.0,495000.0,2025-09-24,,,2025-09-24,189,66.0,3.0,1.0,1.0,,1924.0,Appartement,Bovenwoning,C,Redelijk,Goed,205.11,False,Geen tuin,,False,True,,C.V.-Ketel,C.V.-Ketel,False,,True,True,False,Geen garage,,C:\Users\meesv\AppData\Local\Temp\realworks-workflow-fajPRs\realworks_file_2.mhtml,20,
"Churchill-laan 20, 1078 EE Amsterdam",Churchill-laan,20,1078EE,Amsterdam Verkocht In verkoop genomen Prijs op aanvraag,505000.0,,2025-11-14,,,2025-11-14,70,53.0,3.0,2.0,1.0,,1930.0,Appartement,Bovenwoning,C,Goed,Goed,121.41,False,Geen tuin,,False,False,,C.V.-Ketel,C.V.-Ketel,False,,True,True,False,Geen garage,,C:\Users\meesv\AppData\Local\Temp\realworks-workflow-fajPRs\realworks_file_2.mhtml,2,
"Churchill-laan 98 3, 1078 EL Amsterdam",Churchill-laan,98 3,1078EL,Amsterdam Verkocht In verkoop genomen Vraagprijs,566098.0,525000.0,2025-09-11,,,2025-09-11,5,62.0,3.0,2.0,1.0,,1924.0,Appartement,,A,Goed,Goed,178.56,False,Geen tuin,,True,True,,C.V.-Ketel,C.V.-Ketel,False,,True,True,False,Geen garage,,C:\Users\meesv\AppData\Local\Temp\realworks-workflow-fajPRs\realworks_file_2.mhtml,19,
"Churchill-laan 82 2, 1078 EL Amsterdam",Churchill-laan,82 2,1078EL,Amsterdam Verkocht In verkoop genomen Koopsom,665000.0,,2025-05-05,,,2025-05-05,14,66.0,3.0,2.0,1.0,,1925.0,Appartement,,C,Goed,Goed,107.0,False,Geen tuin,,True,True,,C.V.-Ketel,C.V.-Ketel,False,,True,True,False,Geen garage,,C:\Users\meesv\AppData\Local\Temp\realworks-workflow-fajPRs\realworks_file_2.mhtml,36,
"Churchill-laan 119 4, 1078 DN Amsterdam",Churchill-laan,119 4,1078DN,Amsterdam Verkocht In verkoop genomen Vraagprijs,710000.0,675000.0,2025-02-27,,,2025-02-27,236,87.0,4.0,3.0,1.0,,1928.0,Appartement,Bovenwoning,C,Goed,Goed,137.0,False,Geen tuin,,True,True,,C.V.-Ketel,C.V.-Ketel,False,,True,True,False,Geen garage,,C:\Users\meesv\AppData\Local\Temp\realworks-workflow-fajPRs\realworks_file_2.mhtml,39,
"Churchill-laan 157 2, 1078 DV Amsterdam",Churchill-laan,157 2,1078DV,Amsterdam Verkocht In verkoop genomen Vraagprijs,690000.0,675000.0,2025-06-26,,,2025-06-26,19,94.0,4.0,3.0,1.0,,1928.0,Appartement,Bovenwoning,C,Goed,Goed,183.97,False,Geen tuin,,True,True,,C.V.-Ketel,C.V.-Ketel,False,,True,True,False,Geen garage,,C:\Users\meesv\AppData\Local\Temp\realworks-workflow-fajPRs\realworks_file_2.mhtml,32,
"Churchill-laan 248 1, 1078 EZ Amsterdam",Churchill-laan,248 1,1078EZ,Amsterdam Verkocht In verkoop genomen Vraagprijs,775000.0,750000.0,2026-01-16,,,2026-01-16,19,105.0,4.0,3.0,,,1928.0,Appartement,Bovenwoning,,Matig,Matig,290.0,False,Geen tuin,,True,True,,,,False,,True,True,False,Geen garage,,C:\Users\meesv\AppData\Local\Temp\realworks-workflow-fajPRs\realworks_file_2.mhtml,33,
"Churchill-laan 3, 1078 DB Amsterdam",Churchill-laan,3,1078DB,Amsterdam Verkocht In verkoop genomen Vraagprijs,861000.0,795000.0,2025-04-04,,,2025-04-04,255,130.0,6.0,3.0,,,1930.0,Appartement,Benedenwoning,,Redelijk,Redelijk,294.91,True,Achtertuin,12.0,False,False,,,,False,,True,True,False,Geen garage,,C:\Users\meesv\AppData\Local\Temp\realworks-workflow-fajPRs\realworks_file_2.mhtml,22,
"Churchill-laan 153 4, 1078 DT Amsterdam",Churchill-laan,153 4,1078DT,Amsterdam Verkocht In verkoop genomen Vraagprijs,890000.0,795000.0,2025-09-30,,,2025-09-30,50,89.0,4.0,3.0,1.0,,1928.0,Appartement,Bovenwoning,C,Goed,Goed,95.0,False,Geen tuin,,False,True,,C.V.-Ketel,C.V.-Ketel,False,,True,True,False,Geen garage,,C:\Users\meesv\AppData\Local\Temp\realworks-workflow-fajPRs\realworks_file_2.mhtml,31,
"Churchill-laan 195 2, 1078 EA Amsterdam",Churchill-laan,195 2,1078EA,Amsterdam Verkocht In verkoop genomen Vraagprijs,861000.0,835000.0,2025-09-01,,,2025-09-01,58,116.0,7.0,5.0,3.0,2.0,1928.0,Appartement,Bovenwoning,D,Goed,Goed,221.0,False,Geen tuin,,True,False,,C.V.-Ketel,C.V.-Ketel,False,,True,True,False,Geen garage,,C:\Users\meesv\AppData\Local\Temp\realworks-workflow-fajPRs\realworks_file_2.mhtml,35,
"Churchill-laan 292 2, 1078 GB Amsterdam",Churchill-laan,292 2,1078GB,Amsterdam Verkocht In verkoop genomen Vraagprijs,850000.0,850000.0,2025-07-10,,,2025-07-10,162,97.0,6.0,3.0,1.0,,1929.0,Appartement,Bovenwoning,E,Uitstekend,Uitstekend,110.0,False,Geen tuin,,True,True,,C.V.-Ketel,C.V.-Ketel,False,,True,True,False,Geen garage,,C:\Users\meesv\AppData\Local\Temp\realworks-workflow-fajPRs\realworks_file_2.mhtml,34,
"Churchill-laan 290 2, 1078 GB Amsterdam",Churchill-laan,290 2,1078GB,Amsterdam Verkocht In verkoop genomen Vraagprijs,935000.0,870000.0,2025-12-15,2025-09-18,,2025-12-15,850,98.0,4.0,3.0,2.0,2.0,1926.0,Appartement,,C,Goed,Goed,87.4,False,Geen tuin,,True,True,,C.V.-Ketel,C.V.-Ketel,False,,True,True,False,Geen garage,,C:\Users\meesv\AppData\Local\Temp\realworks-workflow-fajPRs\realworks_file_2.mhtml,33,
"Churchill-laan 290 1, 1078 GB Amsterdam",Churchill-laan,290 1,1078GB,Amsterdam Verkocht In verkoop genomen Vraagprijs,975000.0,900000.0,2026-01-12,,,2026-01-12,119,105.0,5.0,4.0,1.0,,1929.0,Appartement,Bovenwoning,C,Goed,Goed,90.0,False,Geen tuin,,True,True,,C.V.-Ketel,C.V.-Ketel,False,,True,True,False,Geen garage,,C:\Users\meesv\AppData\Local\Temp\realworks-workflow-fajPRs\realworks_file_2.mhtml,34,
"Churchill-laan 59 A, 1078 DH Amsterdam",Churchill-laan,59 A,1078DH,Amsterdam Verkocht In verkoop genomen Vraagprijs,955000.0,940000.0,2025-07-15,,,2025-07-15,14,85.0,3.0,2.0,1.0,,1926.0,Appartement,Benedenwoning,C,Goed,Goed,143.0,True,Achtertuin,95.0,False,False,,C.V.-Ketel,C.V.-Ketel,False,,True,True,False,Geen garage,,C:\Users\meesv\AppData\Local\Temp\realworks-workflow-fajPRs\realworks_file_2.mhtml,26,
"Churchill-laan 35 A2, 1078 DE Amsterdam",Churchill-laan,35 A2,1078DE,Amsterdam Verkocht In verkoop genomen Vraagprijs,900000.0,940000.0,2026-01-09,2025-09-05,,2026-01-09,975,125.0,5.0,3.0,2.0,,1931.0,Appartement,Bovenwoning,C,Goed,Goed,312.3,False,Geen tuin,,True,True,,C.V.-Ketel,C.V.-Ketel,False,,True,True,False,Geen garage,,C:\Users\meesv\AppData\Local\Temp\realworks-workflow-fajPRs\realworks_file_2.mhtml,30,
"Churchill-laan 135 3, 1078 DR Amsterdam",Churchill-laan,135 3,1078DR,Amsterdam Verkocht In verkoop genomen Vraagprijs,950000.0,950000.0,2025-08-14,,,2025-08-14,555,130.0,5.0,3.0,2.0,,1928.0,Appartement,Bovenwoning,E,Goed,Goed,209.78,False,Geen tuin,,True,True,,C.V.-Ketel,C.V.-Ketel,False,,True,True,False,Geen garage,,C:\Users\meesv\AppData\Local\Temp\realworks-workflow-fajPRs\realworks_file_2.mhtml,38,
"Churchill-laan 161 H, 1078 DV Amsterdam",Churchill-laan,161 H,1078DV,Amsterdam Verkocht In verkoop genomen Vraagprijs,995000.0,995000.0,2025-04-29,,,2025-04-29,19,110.0,4.0,3.0,1.0,,1928.0,Appartement,Benedenwoning,D,Goed,Goed,190.91,True,Achtertuin,0.0,False,False,,C.V.-Ketel,C.V.-Ketel,False,,True,True,False,Geen garage,,C:\Users\meesv\AppData\Local\Temp\realworks-workflow-fajPRs\realworks_file_2.mhtml,38,
"Churchill-laan 31 A3, 1078 DD Amsterdam",Churchill-laan,31 A3,1078DD,Amsterdam Verkocht In verkoop genomen Vraagprijs,1060000.0,995000.0,2025-09-08,,,2025-09-08,25,137.0,6.0,5.0,2.0,,1944.0,Appartement,Bovenwoning,A,Uitstekend,Uitstekend,346.59,False,Geen tuin,,True,False,,C.V.-Ketel,C.V.-Ketel,False,,True,True,False,Geen garage,,C:\Users\meesv\AppData\Local\Temp\realworks-workflow-fajPRs\realworks_file_2.mhtml,31,
"Churchill-laan 57 D, 1078 DG Amsterdam",Churchill-laan,57 D,1078DG,Amsterdam Verkocht In verkoop genomen Vraagprijs,1000000.0,1050000.0,2025-07-28,,,2025-07-28,101,133.0,5.0,4.0,2.0,,1930.0,Appartement,Bovenwoning,C,Goed,Goed,275.0,False,Geen tuin,,True,True,,C.V.-Ketel,,False,,True,True,False,Geen garage,,C:\Users\meesv\AppData\Local\Temp\realworks-workflow-fajPRs\realworks_file_2.mhtml,30,
"Churchill-laan 82 3, 1078 EL Amsterdam",Churchill-laan,82 3,1078EL,Amsterdam Verkocht In verkoop genomen Vraagprijs,1230000.0,1100000.0,2025-04-16,,,2025-04-16,30,134.0,5.0,3.0,2.0,,1925.0,Appartement,Bovenwoning,B,Uitstekend,Uitstekend,205.0,False,Geen tuin,,True,True,,C.V.-Ketel,C.V.-Ketel,False,,True,True,False,Geen garage,,C:\Users\meesv\AppData\Local\Temp\realworks-workflow-fajPRs\realworks_file_2.mhtml,40,
"Churchill-laan 119 H, 1078 DN Amsterdam",Churchill-laan,119 H,1078DN,Amsterdam Verkocht In verkoop genomen Vraagprijs,1275000.0,1200000.0,2025-08-01,,,2025-08-01,162,121.0,4.0,3.0,2.0,2.0,1928.0,Appartement,Benedenwoning,B,Goed,Goed,136.0,True,Achtertuin,68.0,False,True,,C.V.-Ketel,C.V.-Ketel,False,,True,True,False,Geen garage,,C:\Users\meesv\AppData\Local\Temp\realworks-workflow-fajPRs\realworks_file_2.mhtml,40,
"Churchill-laan 19, 1078 DC Amsterdam",Churchill-laan,19,1078DC,Amsterdam Verkocht In verkoop genomen Vraagprijs,1420000.0,1250000.0,2025-10-06,,,2025-10-06,51,118.0,4.0,3.0,2.0,,1931.0,Appartement,Benedenwoning,B,Uitstekend,Goed,222.22,True,Achtertuin,76.0,False,True,,C.V.-Ketel,C.V.-Ketel,False,,True,True,False,Geen garage,,C:\Users\meesv\AppData\Local\Temp\realworks-workflow-fajPRs\realworks_file_2.mhtml,52,
"Churchill-laan 294, 1078 GB Amsterdam",Churchill-laan,294,1078GB,Amsterdam Verkocht In verkoop genomen Vraagprijs,2100000.0,2145000.0,2026-02-16,,,2026-02-16,123,,,,,,,,,,,,,False,,,False,False,,,,False,,False,False,False,,,C:\Users\meesv\AppData\Local\Temp\realworks-workflow-fajPRs\realworks_file_2.mhtml,0,[]
"IJselstraat 87 2, 1078 CG Amsterdam",IJselstraat,87 2,1078CG,Amsterdam Verkocht In verkoop genomen Vraagprijs,435000.0,399000.0,2025-11-10,,,2025-11-10,19,48.0,3.0,2.0,,,1925.0,Appartement,Bovenwoning,C,Redelijk,Redelijk,110.0,False,Geen tuin,,True,True,,C.V.-Ketel,C.V.-Ketel,False,,True,True,False,Geen garage,,C:\Users\meesv\AppData\Local\Temp\realworks-workflow-fajPRs\realworks_file_3.mhtml,21,
"IJselstraat 38 3, 1078 CJ Amsterdam",IJselstraat,38 3,1078CJ,Amsterdam Verkocht In verkoop genomen Vraagprijs,472000.0,400000.0,2025-08-06,,,2025-08-06,82,49.0,2.0,1.0,1.0,,1925.0,Appartement,Bovenwoning,F,Goed,Goed,296.86,False,Geen tuin,,True,True,,C.V.-Ketel,C.V.-Ketel,False,,True,True,False,Geen garage,,C:\Users\meesv\AppData\Local\Temp\realworks-workflow-fajPRs\realworks_file_3.mhtml,34,
"IJselstraat 87 4, 1078 CG Amsterdam",IJselstraat,87 4,1078CG,Amsterdam Verkocht In verkoop genomen Vraagprijs,441250.0,450000.0,2025-02-21,,,2025-02-21,19,49.0,2.0,1.0,1.0,,1925.0,Appartement,Bovenwoning,C,Goed,Goed,,False,Geen tuin,,True,True,,C.V.-Ketel,C.V.-Ketel,False,,True,True,False,Geen garage,,C:\Users\meesv\AppData\Local\Temp\realworks-workflow-fajPRs\realworks_file_3.mhtml,24,
"IJselstraat 54 1, 1078 CK Amsterdam",IJselstraat,54 1,1078CK,Amsterdam Verkocht In verkoop genomen Vraagprijs,521000.0,475000.0,2025-12-01,,,2025-12-01,8,55.0,4.0,2.0,1.0,,1930.0,Appartement,Bovenwoning,C,Goed,Goed,140.08,False,Geen tuin,,True,True,,C.V.-Ketel,,False,,True,True,False,Geen garage,,C:\Users\meesv\AppData\Local\Temp\realworks-workflow-fajPRs\realworks_file_3.mhtml,19,
"IJselstraat 87 H, 1078 CG Amsterdam",IJselstraat,87 H,1078CG,Amsterdam Verkocht In verkoop genomen Vraagprijs,535000.0,495000.0,2025-02-25,,,2025-02-25,19,66.0,3.0,2.0,1.0,,1925.0,Appartement,Benedenwoning,C,Redelijk,Redelijk,,True,Achtertuin,98.0,False,False,,C.V.-Ketel,C.V.-Ketel,False,,True,True,False,Geen garage,,C:\Users\meesv\AppData\Local\Temp\realworks-workflow-fajPRs\realworks_file_3.mhtml,26,
"IJselstraat 30 H, 1078 CJ Amsterdam",IJselstraat,30 H,1078CJ,Amsterdam Verkocht In verkoop genomen Vraagprijs,630000.0,575000.0,2025-09-30,,,2025-09-30,49,70.0,3.0,2.0,1.0,,1990.0,Appartement,Bovenwoning,C,Redelijk,Redelijk,,False,Geen tuin,,True,False,,C.V.-Ketel,C.V.-Ketel,False,,True,True,False,Geen garage,,C:\Users\meesv\AppData\Local\Temp\realworks-workflow-fajPRs\realworks_file_3.mhtml,19,
"IJselstraat 32 A, 1078 CJ Amsterdam",IJselstraat,32 A,1078CJ,Amsterdam Verkocht In verkoop genomen Vraagprijs,685000.0,575000.0,2025-10-22,,,2025-10-22,162,79.0,3.0,2.0,,,1990.0,Appartement,Bovenwoning,A,Goed,Goed,219.0,False,Geen tuin,,True,True,,C.V.-Ketel,C.V.-Ketel,False,,True,True,False,Geen garage,,C:\Users\meesv\AppData\Local\Temp\realworks-workflow-fajPRs\realworks_file_3.mhtml,27,
"IJselstraat 30 E, 1078 CJ Amsterdam",IJselstraat,30 E,1078CJ,Amsterdam Verkocht In verkoop genomen Vraagprijs,712000.0,595000.0,2026-01-22,,,2026-01-22,374,,,,,,,,,,,,,False,,,False,False,,,,False,,False,False,False,,,C:\Users\meesv\AppData\Local\Temp\realworks-workflow-fajPRs\realworks_file_3.mhtml,0,[]
"Oude-IJselstraat 7 2, 1078 CL Amsterdam",Oude-IJselstraat,7 2,1078CL,Amsterdam Verkocht In verkoop genomen Vraagprijs,485000.0,425000.0,2026-01-05,,,2026-01-05,161,51.0,2.0,1.0,1.0,,1934.0,Appartement,Bovenwoning,E,Goed,Goed,239.0,False,Geen tuin,,True,True,,C.V.-Ketel,C.V.-Ketel,False,,True,True,False,Geen garage,,C:\Users\meesv\AppData\Local\Temp\realworks-workflow-fajPRs\realworks_file_4.mhtml,19,
"Oude-IJselstraat 3 H, 1078 CL Amsterdam",Oude-IJselstraat,3 H,1078CL,Amsterdam,471551.0,445000.0,2025-10-14,,,2025-10-14,7,55.0,2.0,1.0,1.0,,1926.0,Appartement,Benedenwoning,E,Redelijk,Redelijk,230.63,True,Achtertuin,43.0,False,False,,C.V.-Ketel,C.V.-Ketel,False,,True,True,False,Geen garage,,C:\Users\meesv\AppData\Local\Temp\realworks-workflow-fajPRs\realworks_file_4.mhtml,25,
"Oude-IJselstraat 3 H, 1078 CL Amsterdam",Oude-IJselstraat,3 H,1078CL,Amsterdam Verkocht In verkoop genomen Vraagprijs,471551.0,445000.0,2025-10-14,,,2025-10-14,4,55.0,2.0,1.0,,,1926.0,Appartement,Benedenwoning,E,Goed,Goed,230.0,False,Geen tuin,,False,False,,,,False,,True,True,False,Geen garage,,C:\Users\meesv\AppData\Local\Temp\realworks-workflow-fajPRs\realworks_file_4.mhtml,25,
"Oude-IJselstraat 24 1, 1078 CN Amsterdam",Oude-IJselstraat,24 1,1078CN,Amsterdam,480000.0,485000.0,2025-07-16,,,2025-07-16,7,63.0,3.0,2.0,1.0,,1923.0,Appartement,Bovenwoning,C,Redelijk,Redelijk,,False,Geen tuin,,True,True,,C.V.-Ketel,C.V.-Ketel,False,,True,True,False,Geen garage,,C:\Users\meesv\AppData\Local\Temp\realworks-workflow-fajPRs\realworks_file_4.mhtml,26,
"Oude-IJselstraat 24 1, 1078 CN Amsterdam",Oude-IJselstraat,24 1,1078CN,Amsterdam Verkocht In verkoop genomen Vraagprijs,480000.0,485000.0,2025-08-05,,,2025-08-05,4,,,,,,,,,,,,,False,,,False,False,,,,False,,False,False,False,,,C:\Users\meesv\AppData\Local\Temp\realworks-workflow-fajPRs\realworks_file_4.mhtml,0,[]
"Schipbeekstraat 7 1, 1078 BK Amsterdam",Schipbeekstraat,7 1,1078BK,Amsterdam Verkocht In verkoop genomen Vraagprijs,530000.0,450000.0,2025-07-01,,,2025-07-01,259,53.0,3.0,2.0,1.0,,1926.0,Appartement,Bovenwoning,C,Goed,Goed,135.59,False,Geen tuin,,True,True,,C.V.-Ketel,C.V.-Ketel,False,,True,True,False,Geen garage,,C:\Users\meesv\AppData\Local\Temp\realworks-workflow-fajPRs\realworks_file_5.mhtml,16,
"Schipbeekstraat 9 2, 1078 BK Amsterdam",Schipbeekstraat,9 2,1078BK,Amsterdam Verkocht In verkoop genomen Vraagprijs,487083.0,475000.0,2025-11-05,,,2025-11-05,107,50.0,3.0,2.0,1.0,,1926.0,Appartement,Bovenwoning,D,Goed,Goed,129.63,False,Geen tuin,,False,False,,C.V.-Ketel,C.V.-Ketel,False,,True,True,False,Geen garage,,C:\Users\meesv\AppData\Local\Temp\realworks-workflow-fajPRs\realworks_file_5.mhtml,35,
"Schipbeekstraat 19 2, 1078 BK Amsterdam",Schipbeekstraat,19 2,1078BK,Amsterdam Verkocht In verkoop genomen Vraagprijs,518500.0,495000.0,2025-09-04,,,2025-09-04,193,,,,,,,,,,,,,False,,,False,False,,,,False,,False,False,False,,,C:\Users\meesv\AppData\Local\Temp\realworks-workflow-fajPRs\realworks_file_5.mhtml,0,[]
